Date,Team1,Team2,2022-07-04,2022-07-05,2022-07-06,2022-07-07,2022-07-08,2022-07-09,2022-07-10,2022-07-11
2022-08-05,Crystal Palace FC,Arsenal FC,177.0,177.0,177.0,163.0,119.0,114.0,109.0,135.0
2022-08-06,Fulham FC,Liverpool FC,275.0,275.0,275.0,285.0,285.0,285.0,285.0,275.0
2022-08-06,AFC Bournemouth,Aston Villa FC,,,,,,,,
2022-08-06,Newcastle United FC,Nottingham Forest FC,225.0,225.0,225.0,225.0,225.0,224.0,224.0,224.0
2022-08-06,Tottenham Hotspur,Southampton FC,118.0,116.0,116.0,105.0,105.0,105.0,104.0,99.0
2022-08-06,Leeds United,Wolverhampton Wanderers FC,450.0,450.0,450.0,450.0,450.0,450.0,450.0,450.0
2022-08-06,Leicester City FC,Brentford FC,,,,,,,,
2022-08-06,Everton FC,Chelsea FC,254.0,254.0,254.0,254.0,254.0,254.0,199.0,199.0
2022-08-07,Manchester United,Brighton & Hove Albion FC,98.0,98.0,98.0,98.0,95.0,94.0,91.0,91.0
2022-08-07,West Ham United FC,Manchester City,130.0,130.0,99.0,134.0,135.0,135.0,135.0,120.0
2022-08-13,Manchester City,AFC Bournemouth,87.0,87.0,87.0,87.0,70.0,70.0,70.0,70.0
2022-08-13,Chelsea FC,Tottenham Hotspur,180.0,180.0,178.0,178.0,178.0,178.0,178.0,178.0
2022-08-13,Arsenal FC,Leicester City FC,115.0,114.0,114.0,112.0,112.0,112.0,111.0,109.0
2022-08-13,Brentford FC,Manchester United,425.0,415.0,415.0,415.0,415.0,415.0,415.0,400.0
2022-08-13,Nottingham Forest FC,West Ham United FC,,,,,,,,
2022-08-13,Aston Villa FC,Everton FC,171.0,160.0,148.0,143.0,140.0,140.0,115.0,114.0
2022-08-13,Liverpool FC,Crystal Palace FC,127.0,129.0,129.0,129.0,129.0,129.0,129.0,129.0
2022-08-13,Southampton FC,Leeds United,154.0,150.0,140.0,98.0,98.0,,98.0,98.0
2022-08-13,Brighton & Hove Albion FC,Newcastle United FC,165.0,,120.0,120.0,120.0,119.0,119.0,114.0
2022-08-13,Southampton FC,Leeds United,,,,,,,,
2022-08-13,Wolverhampton Wanderers FC,Fulham FC,205.0,194.0,142.0,135.0,135.0,135.0,135.0,135.0
2022-08-20,Manchester United,Liverpool FC,250.0,240.0,240.0,233.0,220.0,220.0,220.0,185.0
2022-08-20,Leicester City FC,Southampton FC,,,,,,,,
2022-08-20,Newcastle United FC,Manchester City,200.0,200.0,200.0,200.0,176.0,176.0,176.0,176.0
2022-08-20,Tottenham Hotspur,Wolverhampton Wanderers FC,118.0,117.0,117.0,116.0,116.0,116.0,116.0,109.0
2022-08-20,Fulham FC,Brentford FC,125.0,125.0,125.0,125.0,125.0,125.0,125.0,125.0
2022-08-20,AFC Bournemouth,Arsenal FC,325.0,325.0,325.0,325.0,325.0,325.0,325.0,325.0
2022-08-20,West Ham United FC,Brighton & Hove Albion FC,75.0,75.0,69.0,69.0,69.0,69.0,69.0,69.0
2022-08-20,Everton FC,Nottingham Forest FC,200.0,171.0,160.0,158.0,158.0,158.0,148.0,125.0
2022-08-20,Crystal Palace FC,Aston Villa FC,120.0,120.0,120.0,117.0,114.0,114.0,114.0,103.0
2022-08-20,Leeds United,Chelsea FC,500.0,500.0,500.0,500.0,500.0,500.0,299.0,299.0
2022-08-27,Manchester City,Crystal Palace FC,68.0,68.0,68.0,73.0,73.0,73.0,73.0,73.0
2022-08-27,Nottingham Forest FC,Tottenham Hotspur,450.0,450.0,400.0,350.0,350.0,350.0,350.0,350.0
2022-08-27,Brentford FC,Everton FC,219.0,195.0,195.0,195.0,195.0,195.0,171.0,125.0
2022-08-27,Aston Villa FC,West Ham United FC,172.0,160.0,148.0,143.0,143.0,143.0,137.0,115.0
2022-08-27,Brighton & Hove Albion FC,Leeds United,171.0,160.0,,120.0,120.0,119.0,119.0,
2022-08-27,Chelsea FC,Leicester City FC,140.0,140.0,138.0,136.0,136.0,136.0,135.0,135.0
2022-08-27,Southampton FC,Manchester United,400.0,400.0,300.0,163.0,163.0,163.0,163.0,163.0
2022-08-27,Brighton & Hove Albion FC,Leeds United,,,,,,,,
2022-08-27,Wolverhampton Wanderers FC,Newcastle United FC,229.0,219.0,145.0,135.0,135.0,135.0,135.0,135.0
2022-08-30,Arsenal FC,Aston Villa FC,88.0,87.0,87.0,86.0,86.0,86.0,86.0,86.0
2022-08-30,Fulham FC,Brighton & Hove Albion FC,130.0,130.0,130.0,130.0,130.0,130.0,130.0,130.0
2022-08-30,AFC Bournemouth,Wolverhampton Wanderers FC,,,,,,,,
2022-08-30,West Ham United FC,Tottenham Hotspur,130.0,130.0,109.0,109.0,109.0,109.0,109.0,109.0
2022-08-30,Leeds United,Everton FC,400.0,400.0,400.0,400.0,400.0,400.0,400.0,400.0
2022-08-30,Leicester City FC,Manchester United,550.0,550.0,550.0,550.0,550.0,550.0,550.0,550.0
2022-08-30,Crystal Palace FC,Brentford FC,120.0,120.0,120.0,119.0,114.0,114.0,114.0,103.0
2022-08-31,Southampton FC,Chelsea FC,400.0,400.0,300.0,163.0,163.0,163.0,163.0,163.0
2022-08-31,Manchester City,Nottingham Forest FC,68.0,68.0,68.0,68.0,68.0,68.0,68.0,68.0
2022-08-31,Liverpool FC,Newcastle United FC,143.0,143.0,143.0,143.0,143.0,143.0,143.0,143.0
2022-09-03,Manchester United,Arsenal FC,175.0,175.0,175.0,175.0,174.0,170.0,170.0,170.0
2022-09-03,Chelsea FC,West Ham United FC,150.0,150.0,,146.0,120.0,120.0,120.0,120.0
2022-09-03,Aston Villa FC,Manchester City,195.0,182.0,171.0,171.0,171.0,171.0,165.0,130.0
2022-09-03,Newcastle United FC,Crystal Palace FC,400.0,400.0,400.0,400.0,400.0,400.0,400.0,400.0
2022-09-03,Brentford FC,Leeds United,223.0,195.0,,,195.0,195.0,171.0,160.0
2022-09-03,Tottenham Hotspur,Fulham FC,136.0,,134.0,125.0,125.0,125.0,125.0,114.0
2022-09-03,Everton FC,Liverpool FC,1000.0,,1000.0,1000.0,999.0,,999.0,999.0
2022-09-03,Nottingham Forest FC,AFC Bournemouth,,,,,,,,
2022-09-03,Wolverhampton Wanderers FC,Southampton FC,219.0,219.0,140.0,168.0,168.0,168.0,168.0,168.0
2022-09-03,Brighton & Hove Albion FC,Leicester City FC,171.0,160.0,148.0,120.0,120.0,119.0,119.0,114.0
2022-09-10,Manchester City,Tottenham Hotspur,87.0,87.0,87.0,87.0,87.0,97.0,87.0,87.0
2022-09-10,Arsenal FC,Everton FC,111.0,110.0,110.0,109.0,109.0,109.0,109.0,109.0
2022-09-10,West Ham United FC,Newcastle United FC,95.0,95.0,79.0,79.0,79.0,79.0,79.0,79.0
2022-09-10,Fulham FC,Chelsea FC,240.0,240.0,240.0,240.0,240.0,199.0,199.0,199.0
2022-09-10,Liverpool FC,Wolverhampton Wanderers FC,180.0,180.0,180.0,180.0,180.0,180.0,180.0,180.0
2022-09-10,Leicester City FC,Aston Villa FC,,,,,,,,
2022-09-10,Leeds United,Nottingham Forest FC,400.0,400.0,400.0,400.0,400.0,400.0,400.0,400.0
2022-09-10,Crystal Palace FC,Manchester United,210.0,209.0,209.0,209.0,209.0,129.0,129.0,129.0
2022-09-10,AFC Bournemouth,Brighton & Hove Albion FC,,,,,,,,
2022-09-10,Southampton FC,Brentford FC,155.0,155.0,155.0,98.0,98.0,98.0,98.0,98.0
2022-09-17,Manchester United,Leeds United,145.0,145.0,145.0,145.0,145.0,145.0,150.0,150.0
2022-09-17,Chelsea FC,Liverpool FC,362.0,362.0,362.0,362.0,288.0,288.0,288.0,
2022-09-17,Brentford FC,Arsenal FC,499.0,,499.0,499.0,499.0,,499.0,499.0
2022-09-17,Newcastle United FC,AFC Bournemouth,375.0,375.0,375.0,375.0,375.0,375.0,375.0,375.0
2022-09-17,Aston Villa FC,Southampton FC,188.0,160.0,149.0,145.0,145.0,145.0,145.0,115.0
2022-09-17,Everton FC,West Ham United FC,218.0,194.0,171.0,171.0,171.0,171.0,160.0,
2022-09-17,Brighton & Hove Albion FC,Crystal Palace FC,171.0,160.0,148.0,120.0,120.0,119.0,119.0,114.0
2022-09-17,Nottingham Forest FC,Fulham FC,,,,,,,,
2022-09-17,Tottenham Hotspur,Leicester City FC,121.0,119.0,119.0,119.0,119.0,119.0,119.0,113.0
2022-09-17,Wolverhampton Wanderers FC,Manchester City,200.0,200.0,170.0,165.0,165.0,165.0,165.0,165.0
2022-10-01,Manchester City,Manchester United,194.0,194.0,194.0,194.0,194.0,194.0,194.0,194.0
2022-10-01,Arsenal FC,Tottenham Hotspur,218.0,158.0,158.0,160.0,216.0,216.0,216.0,215.0
2022-10-01,AFC Bournemouth,Brentford FC,,,,,,,,
2022-10-01,West Ham United FC,Wolverhampton Wanderers FC,85.0,85.0,69.0,69.0,69.0,69.0,69.0,69.0
2022-10-01,Fulham FC,Newcastle United FC,220.0,220.0,220.0,220.0,220.0,135.0,135.0,135.0
2022-10-01,Liverpool FC,Brighton & Hove Albion FC,228.0,228.0,228.0,228.0,228.0,228.0,228.0,228.0
2022-10-01,Crystal Palace FC,Chelsea FC,200.0,199.0,199.0,199.0,194.0,194.0,194.0,195.0
2022-10-01,Leicester City FC,Nottingham Forest FC,,,,,,,,
2022-10-01,Leeds United,Aston Villa FC,400.0,400.0,400.0,400.0,400.0,400.0,400.0,400.0
2022-10-01,Southampton FC,Everton FC,195.0,195.0,195.0,98.0,98.0,98.0,98.0,98.0
2022-10-08,Manchester City,Southampton FC,63.0,63.0,63.0,63.0,63.0,63.0,63.0,63.0
2022-10-08,Arsenal FC,Liverpool FC,251.0,250.0,250.0,248.0,248.0,248.0,248.0,248.0
2022-10-08,Newcastle United FC,Brentford FC,375.0,375.0,375.0,375.0,375.0,375.0,375.0,375.0
2022-10-08,West Ham United FC,Fulham FC,80.0,80.0,69.0,69.0,69.0,69.0,69.0,69.0
2022-10-08,AFC Bournemouth,Leicester City FC,,,,,,,,
2022-10-08,Chelsea FC,Wolverhampton Wanderers FC,116.0,116.0,116.0,116.0,116.0,116.0,116.0,116.0
2022-10-08,Everton FC,Manchester United,500.0,500.0,500.0,500.0,500.0,500.0,500.0,500.0
2022-10-08,Crystal Palace FC,Leeds United,120.0,120.0,120.0,120.0,120.0,120.0,119.0,119.0
2022-10-08,Nottingham Forest FC,Aston Villa FC,,,,,,,,
2022-10-08,Brighton & Hove Albion FC,Tottenham Hotspur,239.0,239.0,239.0,200.0,200.0,200.0,199.0,199.0
2022-10-15,Manchester United,Newcastle United FC,120.0,120.0,120.0,159.0,159.0,159.0,159.0,159.0
2022-10-15,Aston Villa FC,Chelsea FC,279.0,257.0,250.0,250.0,250.0,250.0,223.0,180.0
2022-10-15,Tottenham Hotspur,Everton FC,125.0,125.0,125.0,125.0,125.0,125.0,125.0,113.0
2022-10-15,Liverpool FC,Manchester City,325.0,325.0,325.0,325.0,325.0,325.0,325.0,325.0
2022-10-15,Leicester City FC,Crystal Palace FC,,,,,,,,
2022-10-15,Leeds United,Arsenal FC,349.0,349.0,349.0,349.0,349.0,349.0,349.0,349.0
2022-10-15,Brentford FC,Brighton & Hove Albion FC,225.0,195.0,195.0,195.0,195.0,195.0,171.0,160.0
2022-10-15,Fulham FC,AFC Bournemouth,125.0,125.0,125.0,125.0,125.0,125.0,125.0,125.0
2022-10-15,Southampton FC,West Ham United FC,165.0,165.0,165.0,98.0,98.0,98.0,98.0,98.0
2022-10-15,Wolverhampton Wanderers FC,Nottingham Forest FC,341.0,341.0,140.0,140.0,140.0,140.0,140.0,140.0
2022-10-18,Brentford FC,Chelsea FC,1036.0,1036.0,1036.0,1036.0,1036.0,1036.0,1036.0,1036.0
2022-10-18,AFC Bournemouth,Southampton FC,,,,,,,,
2022-10-18,Brighton & Hove Albion FC,Nottingham Forest FC,275.0,275.0,275.0,134.0,134.0,132.0,129.0,129.0
2022-10-18,Leicester City FC,Leeds United,,,,,,,,
2022-10-18,Arsenal FC,Manchester City,205.0,204.0,204.0,204.0,204.0,204.0,204.0,204.0
2022-10-18,Fulham FC,Aston Villa FC,120.0,120.0,120.0,120.0,120.0,120.0,120.0,120.0
2022-10-18,Crystal Palace FC,Wolverhampton Wanderers FC,114.0,114.0,114.0,114.0,114.0,114.0,114.0,114.0
2022-10-19,Newcastle United FC,Everton FC,350.0,350.0,350.0,350.0,350.0,350.0,350.0,350.0
2022-10-19,Manchester United,Tottenham Hotspur,152.0,150.0,150.0,148.0,148.0,148.0,148.0,148.0
2022-10-19,Liverpool FC,West Ham United FC,350.0,350.0,350.0,350.0,350.0,350.0,350.0,350.0
2022-10-22,Manchester City,Brighton & Hove Albion FC,63.0,63.0,63.0,63.0,63.0,63.0,63.0,63.0
2022-10-22,West Ham United FC,AFC Bournemouth,80.0,80.0,69.0,69.0,69.0,69.0,69.0,69.0
2022-10-22,Everton FC,Crystal Palace FC,220.0,195.0,171.0,171.0,171.0,171.0,160.0,125.0
2022-10-22,Aston Villa FC,Brentford FC,219.0,189.0,150.0,148.0,148.0,148.0,139.0,115.0
2022-10-22,Tottenham Hotspur,Newcastle United FC,124.0,123.0,122.0,122.0,122.0,122.0,122.0,122.0
2022-10-22,Chelsea FC,Manchester United,233.0,233.0,233.0,233.0,233.0,233.0,233.0,233.0
2022-10-22,Nottingham Forest FC,Liverpool FC,,,,,,,,
2022-10-22,Wolverhampton Wanderers FC,Leicester City FC,269.0,,140.0,135.0,,135.0,135.0,
2022-10-22,Southampton FC,Arsenal FC,349.0,349.0,349.0,163.0,163.0,163.0,163.0,163.0
2022-10-29,Manchester United,West Ham United FC,130.0,130.0,130.0,132.0,132.0,132.0,132.0,132.0
2022-10-29,Arsenal FC,Nottingham Forest FC,130.0,129.0,129.0,129.0,129.0,129.0,129.0,129.0
2022-10-29,Liverpool FC,Leeds United,247.0,247.0,247.0,247.0,247.0,247.0,247.0,247.0
2022-10-29,Newcastle United FC,Aston Villa FC,375.0,375.0,375.0,375.0,375.0,375.0,375.0,375.0
2022-10-29,Brentford FC,Wolverhampton Wanderers FC,269.0,195.0,195.0,195.0,195.0,195.0,171.0,160.0
2022-10-29,AFC Bournemouth,Tottenham Hotspur,,,,,,,,
2022-10-29,Fulham FC,Everton FC,160.0,160.0,160.0,125.0,125.0,125.0,125.0,125.0
2022-10-29,Brighton & Hove Albion FC,Chelsea FC,345.0,345.0,345.0,200.0,200.0,200.0,200.0,200.0
2022-10-29,Crystal Palace FC,Southampton FC,113.0,113.0,113.0,113.0,113.0,113.0,113.0,113.0
2022-10-29,Leicester City FC,Manchester City,220.0,220.0,220.0,220.0,220.0,220.0,220.0,219.0
2022-11-05,Manchester City,Fulham FC,63.0,63.0,63.0,63.0,63.0,63.0,63.0,63.0
2022-11-05,Chelsea FC,Arsenal FC,181.0,181.0,181.0,181.0,181.0,181.0,181.0,181.0
2022-11-05,West Ham United FC,Crystal Palace FC,85.0,85.0,69.0,69.0,69.0,69.0,69.0,69.0
2022-11-05,Tottenham Hotspur,Liverpool FC,375.0,373.0,373.0,373.0,349.0,349.0,349.0,349.0
2022-11-05,Aston Villa FC,Manchester United,445.0,420.0,420.0,420.0,,420.0,393.0,
2022-11-05,Leeds United,AFC Bournemouth,400.0,400.0,400.0,400.0,,400.0,400.0,400.0
2022-11-05,Chelsea FC,Arsenal FC,,,,,,,,
2022-11-05,Tottenham Hotspur,Liverpool FC,,,,,,,,
2022-11-05,Southampton FC,Newcastle United FC,195.0,195.0,195.0,98.0,98.0,98.0,98.0,98.0
2022-11-05,Leeds United,AFC Bournemouth,,,,,,,,
2022-11-05,Wolverhampton Wanderers FC,Brighton & Hove Albion FC,116.0,116.0,116.0,116.0,116.0,116.0,116.0,116.0
2022-11-12,Manchester City,Brentford FC,63.0,63.0,63.0,63.0,63.0,63.0,63.0,63.0
2022-11-12,Newcastle United FC,Chelsea FC,550.0,550.0,550.0,550.0,550.0,550.0,550.0,550.0
2022-11-12,West Ham United FC,Leicester City FC,95.0,95.0,79.0,79.0,79.0,79.0,79.0,79.0
2022-11-12,AFC Bournemouth,Everton FC,,,,,,,,
2022-11-12,Tottenham Hotspur,Leeds United,123.0,120.0,120.0,120.0,120.0,120.0,120.0,120.0
2022-11-12,Brighton & Hove Albion FC,Aston Villa FC,247.0,247.0,247.0,120.0,120.0,120.0,120.0,120.0
2022-11-12,Liverpool FC,Southampton FC,259.0,259.0,259.0,259.0,259.0,259.0,259.0,259.0
2022-11-12,Fulham FC,Manchester United,350.0,350.0,350.0,350.0,350.0,285.0,285.0,285.0
2022-11-12,Nottingham Forest FC,Crystal Palace FC,,,,,,,,
2022-11-12,Wolverhampton Wanderers FC,Arsenal FC,162.0,162.0,162.0,162.0,162.0,162.0,162.0,162.0
2022-12-26,Manchester United,Nottingham Forest FC,115.0,115.0,115.0,115.0,115.0,115.0,115.0,115.0
2022-12-26,Aston Villa FC,Liverpool FC,395.0,,380.0,380.0,380.0,380.0,353.0,359.0
2022-12-26,Brentford FC,Tottenham Hotspur,2000.0,,2000.0,2000.0,2000.0,2000.0,2000.0,2000.0
2022-12-26,Leicester City FC,Newcastle United FC,,,,,,,,
2022-12-26,Arsenal FC,West Ham United FC,180.0,180.0,180.0,179.0,179.0,179.0,,
2022-12-26,Everton FC,Wolverhampton Wanderers FC,240.0,228.0,199.0,199.0,199.0,199.0,,
2022-12-26,Chelsea FC,AFC Bournemouth,200.0,200.0,,200.0,200.0,200.0,,200.0
2022-12-26,Crystal Palace FC,Fulham FC,115.0,115.0,115.0,115.0,115.0,115.0,115.0,115.0
2022-12-26,Leeds United,Manchester City,300.0,300.0,300.0,300.0,300.0,300.0,300.0,295.0
2022-12-26,Southampton FC,Brighton & Hove Albion FC,198.0,198.0,198.0,98.0,98.0,98.0,98.0,98.0
2022-12-31,Manchester City,Everton FC,68.0,68.0,68.0,68.0,68.0,68.0,68.0,68.0
2022-12-31,AFC Bournemouth,Crystal Palace FC,,,,,,,,
2022-12-31,West Ham United FC,Brentford FC,90.0,90.0,69.0,69.0,69.0,69.0,69.0,69.0
2022-12-31,Newcastle United FC,Leeds United,475.0,475.0,475.0,475.0,475.0,475.0,475.0,475.0
2022-12-31,Tottenham Hotspur,Aston Villa FC,125.0,125.0,124.0,124.0,124.0,124.0,124.0,124.0
2022-12-31,Fulham FC,Southampton FC,140.0,140.0,140.0,140.0,140.0,140.0,140.0,140.0
2022-12-31,Liverpool FC,Leicester City FC,400.0,400.0,400.0,400.0,400.0,400.0,400.0,400.0
2022-12-31,Brighton & Hove Albion FC,Arsenal FC,395.0,395.0,395.0,395.0,395.0,397.0,345.0,345.0
2022-12-31,Nottingham Forest FC,Chelsea FC,,,,,,,,
2022-12-31,Wolverhampton Wanderers FC,Manchester United,450.0,450.0,290.0,290.0,290.0,290.0,290.0,290.0
2023-01-02,Manchester United,AFC Bournemouth,115.0,115.0,115.0,115.0,115.0,115.0,115.0,115.0
2023-01-02,Brentford FC,Liverpool FC,2000.0,2000.0,2000.0,2000.0,2000.0,,2000.0,2000.0
2023-01-02,Everton FC,Brighton & Hove Albion FC,215.0,210.0,198.0,198.0,198.0,198.0,160.0,160.0
2023-01-02,Arsenal FC,Newcastle United FC,180.0,180.0,180.0,180.0,180.0,180.0,180.0,179.0
2023-01-02,Brentford FC,Liverpool FC,,,,,,,,
2023-01-02,Southampton FC,Nottingham Forest FC,199.0,199.0,199.0,98.0,98.0,98.0,98.0,98.0
2023-01-02,Leeds United,West Ham United FC,400.0,400.0,400.0,400.0,400.0,400.0,400.0,400.0
2023-01-02,Crystal Palace FC,Tottenham Hotspur,160.0,159.0,159.0,159.0,155.0,155.0,149.0,149.0
2023-01-02,Leicester City FC,Fulham FC,,,,,,,,
2023-01-02,Aston Villa FC,Wolverhampton Wanderers FC,229.0,222.0,199.0,177.0,177.0,177.0,159.0,159.0
2023-01-14,Manchester United,Manchester City,214.0,214.0,214.0,214.0,214.0,214.0,214.0,214.0
2023-01-14,Chelsea FC,Crystal Palace FC,180.0,180.0,180.0,180.0,180.0,180.0,180.0,180.0
2023-01-14,Tottenham Hotspur,Arsenal FC,358.0,358.0,358.0,358.0,349.0,349.0,349.0,345.0
2023-01-14,Everton FC,Southampton FC,209.0,209.0,199.0,199.0,199.0,199.0,160.0,160.0
2023-01-14,Aston Villa FC,Leeds United,229.0,222.0,199.0,177.0,177.0,177.0,169.0,169.0
2023-01-14,Brentford FC,AFC Bournemouth,270.0,195.0,195.0,195.0,195.0,195.0,171.0,160.0
2023-01-14,Nottingham Forest FC,Leicester City FC,,,,,,,,
2023-01-14,Newcastle United FC,Fulham FC,400.0,400.0,400.0,400.0,400.0,400.0,400.0,400.0
2023-01-14,Wolverhampton Wanderers FC,West Ham United FC,259.0,259.0,145.0,142.0,142.0,142.0,142.0,142.0
2023-01-14,Brighton & Hove Albion FC,Liverpool FC,699.0,699.0,699.0,699.0,699.0,699.0,599.0,571.0
2023-01-21,Manchester City,Wolverhampton Wanderers FC,63.0,63.0,63.0,63.0,63.0,63.0,63.0,63.0
2023-01-21,Arsenal FC,Manchester United,270.0,270.0,270.0,268.0,268.0,268.0,268.0,268.0
2023-01-21,AFC Bournemouth,Nottingham Forest FC,,,,,,,,
2023-01-21,West Ham United FC,Everton FC,85.0,85.0,79.0,79.0,79.0,79.0,79.0,79.0
2023-01-21,Fulham FC,Tottenham Hotspur,180.0,180.0,180.0,180.0,180.0,180.0,180.0,180.0
2023-01-21,Leicester City FC,Brighton & Hove Albion FC,,,,,,,,
2023-01-21,Crystal Palace FC,Newcastle United FC,160.0,160.0,160.0,160.0,160.0,160.0,155.0,155.0
2023-01-21,Liverpool FC,Chelsea FC,750.0,750.0,750.0,750.0,750.0,750.0,750.0,750.0
2023-01-21,Southampton FC,Aston Villa FC,247.0,247.0,247.0,98.0,98.0,98.0,98.0,98.0
2023-01-21,Leeds United,Brentford FC,400.0,400.0,400.0,400.0,400.0,400.0,400.0,400.0
2023-01-04,Manchester United,Crystal Palace FC,165.0,165.0,165.0,165.0,165.0,165.0,165.0,165.0
2023-01-04,Chelsea FC,Fulham FC,180.0,180.0,180.0,180.0,180.0,180.0,180.0,180.0
2023-01-04,Everton FC,Arsenal FC,199.0,199.0,199.0,199.0,199.0,199.0,199.0,199.0
2023-01-04,Newcastle United FC,West Ham United FC,475.0,475.0,475.0,475.0,475.0,475.0,475.0,475.0
2023-01-04,Aston Villa FC,Leicester City FC,239.0,239.0,239.0,190.0,190.0,190.0,179.0,179.0
2023-01-04,Brighton & Hove Albion FC,AFC Bournemouth,229.0,229.0,229.0,148.0,148.0,148.0,148.0,148.0
2023-01-04,Nottingham Forest FC,Leeds United,,,,,,,,
2023-01-04,Brentford FC,Southampton FC,2000.0,2000.0,2000.0,2000.0,2000.0,2000.0,2000.0,2000.0
2023-01-04,Tottenham Hotspur,Manchester City,265.0,265.0,265.0,265.0,249.0,249.0,249.0,245.0
2023-01-04,Wolverhampton Wanderers FC,Liverpool FC,2000.0,2000.0,300.0,300.0,300.0,300.0,300.0,300.0
2023-01-11,Manchester City,Aston Villa FC,68.0,68.0,68.0,68.0,68.0,68.0,68.0,68.0
2023-01-11,Arsenal FC,Brentford FC,160.0,160.0,160.0,160.0,160.0,160.0,160.0,160.0
2023-01-11,West Ham United FC,Chelsea FC,200.0,200.0,149.0,149.0,149.0,149.0,149.0,149.0
2023-01-11,Liverpool FC,Everton FC,750.0,750.0,750.0,750.0,750.0,750.0,750.0,750.0
2023-01-11,AFC Bournemouth,Newcastle United FC,,,,,,,,
2023-01-11,Fulham FC,Nottingham Forest FC,194.0,194.0,194.0,194.0,194.0,194.0,194.0,194.0
2023-01-11,Crystal Palace FC,Brighton & Hove Albion FC,235.0,235.0,235.0,235.0,229.0,229.0,219.0,219.0
2023-01-11,Leeds United,Manchester United,700.0,700.0,700.0,700.0,700.0,700.0,700.0,700.0
2023-01-11,Southampton FC,Wolverhampton Wanderers FC,252.0,252.0,252.0,98.0,98.0,98.0,98.0,98.0
2023-01-11,Leicester City FC,Tottenham Hotspur,,,,,,,,
2023-01-18,Manchester United,Leicester City FC,165.0,165.0,165.0,165.0,165.0,165.0,165.0,165.0
2023-01-18,Chelsea FC,Southampton FC,180.0,,180.0,180.0,180.0,,180.0,180.0
2023-01-18,Newcastle United FC,Liverpool FC,1050.0,1050.0,1050.0,1050.0,1050.0,1050.0,1050.0,1050.0
2023-01-18,Aston Villa FC,Arsenal FC,199.0,199.0,199.0,199.0,199.0,199.0,198.0,198.0
2023-01-18,Tottenham Hotspur,West Ham United FC,167.0,167.0,166.0,166.0,159.0,159.0,159.0,154.0
2023-01-18,Everton FC,Leeds United,209.0,209.0,197.0,197.0,197.0,197.0,160.0,160.0
2023-01-18,Brentford FC,Crystal Palace FC,2000.0,2000.0,2000.0,2000.0,2000.0,2000.0,2000.0,2000.0
2023-01-18,Nottingham Forest FC,Manchester City,250.0,250.0,250.0,250.0,250.0,250.0,250.0,249.0
2023-01-18,Wolverhampton Wanderers FC,AFC Bournemouth,269.0,269.0,125.0,123.0,123.0,123.0,,
2023-01-18,Brighton & Hove Albion FC,Fulham FC,249.0,249.0,249.0,,148.0,148.0,,
2023-01-25,Manchester United,Brentford FC,165.0,165.0,165.0,165.0,165.0,165.0,165.0,165.0
2023-01-25,Everton FC,Aston Villa FC,222.0,222.0,205.0,205.0,205.0,205.0,160.0,160.0
2023-01-25,AFC Bournemouth,Manchester City,250.0,250.0,250.0,250.0,250.0,250.0,250.0,250.0
2023-01-25,Newcastle United FC,Brighton & Hove Albion FC,400.0,400.0,400.0,400.0,400.0,400.0,400.0,400.0
2023-01-25,Fulham FC,Wolverhampton Wanderers FC,194.0,194.0,194.0,194.0,194.0,194.0,194.0,194.0
2023-01-25,Tottenham Hotspur,Chelsea FC,239.0,239.0,238.0,238.0,238.0,238.0,238.0,237.0
2023-01-25,West Ham United FC,Nottingham Forest FC,80.0,80.0,69.0,69.0,69.0,69.0,69.0,69.0
2023-01-25,Crystal Palace FC,Liverpool FC,398.0,396.0,396.0,395.0,393.0,393.0,359.0,359.0
2023-01-25,Leeds United,Southampton FC,400.0,400.0,400.0,400.0,400.0,400.0,400.0,400.0
2023-01-25,Leicester City FC,Arsenal FC,199.0,199.0,199.0,199.0,199.0,199.0,199.0,199.0
2023-03-04,Manchester City,Newcastle United FC,68.0,68.0,68.0,68.0,68.0,68.0,68.0,68.0
2023-03-04,Chelsea FC,Leeds United,299.0,299.0,299.0,299.0,299.0,299.0,299.0,299.0
2023-03-04,Arsenal FC,AFC Bournemouth,132.0,132.0,132.0,,132.0,132.0,132.0,132.0
2023-03-04,Aston Villa FC,Crystal Palace FC,233.0,233.0,233.0,233.0,233.0,233.0,233.0,233.0
2023-03-04,Brentford FC,Fulham FC,2000.0,2000.0,2000.0,2000.0,2000.0,2000.0,2000.0,
2023-03-04,Liverpool FC,Manchester United,850.0,850.0,850.0,850.0,850.0,850.0,850.0,850.0
2023-03-04,Wolverhampton Wanderers FC,Tottenham Hotspur,289.0,289.0,195.0,189.0,189.0,189.0,189.0,169.0
2023-03-04,Southampton FC,Leicester City FC,257.0,257.0,257.0,98.0,98.0,98.0,98.0,98.0
2023-03-04,Nottingham Forest FC,Everton FC,,,,,,,,
2023-03-04,Brighton & Hove Albion FC,West Ham United FC,269.0,269.0,269.0,150.0,150.0,150.0,150.0,150.0
2023-03-11,Manchester United,Southampton FC,170.0,170.0,170.0,170.0,170.0,170.0,170.0,170.0
2023-03-11,West Ham United FC,Aston Villa FC,85.0,85.0,69.0,69.0,69.0,69.0,69.0,69.0
2023-03-11,Fulham FC,Arsenal FC,324.0,324.0,324.0,324.0,324.0,324.0,324.0,324.0
2023-03-11,Everton FC,Brentford FC,217.0,217.0,205.0,205.0,205.0,205.0,160.0,160.0
2023-03-11,AFC Bournemouth,Liverpool FC,,,,,,,,
2023-03-11,Crystal Palace FC,Manchester City,160.0,160.0,160.0,160.0,160.0,160.0,160.0,160.0
2023-03-11,Newcastle United FC,Wolverhampton Wanderers FC,475.0,475.0,475.0,475.0,475.0,475.0,475.0,475.0
2023-03-11,Tottenham Hotspur,Nottingham Forest FC,135.0,135.0,135.0,135.0,135.0,135.0,135.0,134.0
2023-03-11,Leeds United,Brighton & Hove Albion FC,425.0,425.0,425.0,425.0,425.0,425.0,425.0,425.0
2023-03-11,Leicester City FC,Chelsea FC,,,,,,,,
2023-03-18,Manchester City,West Ham United FC,78.0,78.0,78.0,78.0,78.0,78.0,78.0,78.0
2023-03-18,Chelsea FC,Everton FC,180.0,180.0,180.0,180.0,180.0,,180.0,180.0
2023-03-18,Arsenal FC,Crystal Palace FC,132.0,132.0,132.0,132.0,132.0,,132.0,132.0
2023-03-18,Liverpool FC,Fulham FC,450.0,450.0,450.0,450.0,450.0,450.0,450.0,450.0
2023-03-18,Aston Villa FC,AFC Bournemouth,229.0,229.0,229.0,229.0,229.0,229.0,229.0,229.0
2023-03-18,Brentford FC,Leicester City FC,2000.0,2000.0,2000.0,2000.0,2000.0,2000.0,2000.0,2000.0
2023-03-18,Wolverhampton Wanderers FC,Leeds United,287.0,287.0,160.0,155.0,155.0,155.0,155.0,155.0
2023-03-18,Southampton FC,Tottenham Hotspur,500.0,500.0,500.0,163.0,163.0,163.0,163.0,163.0
2023-03-18,Brighton & Hove Albion FC,Manchester United,550.0,550.0,550.0,550.0,550.0,550.0,499.0,499.0
2023-03-18,Nottingham Forest FC,Newcastle United FC,,,,,,,,
2023-04-01,Manchester City,Liverpool FC,209.0,209.0,209.0,209.0,209.0,209.0,209.0,209.0
2023-04-01,Arsenal FC,Leeds United,165.0,165.0,165.0,165.0,165.0,165.0,165.0,165.0
2023-04-01,Chelsea FC,Aston Villa FC,180.0,180.0,180.0,180.0,180.0,180.0,180.0,180.0
2023-04-01,Everton FC,Tottenham Hotspur,341.0,341.0,341.0,341.0,341.0,341.0,341.0,341.0
2023-04-01,West Ham United FC,Southampton FC,75.0,75.0,69.0,69.0,69.0,69.0,69.0,69.0
2023-04-01,Newcastle United FC,Manchester United,500.0,500.0,500.0,500.0,500.0,500.0,500.0,500.0
2023-04-01,Crystal Palace FC,Leicester City FC,128.0,128.0,128.0,128.0,128.0,128.0,128.0,128.0
2023-04-01,AFC Bournemouth,Fulham FC,,,,,,,,
2023-04-01,Brighton & Hove Albion FC,Brentford FC,279.0,279.0,279.0,150.0,150.0,150.0,150.0,150.0
2023-04-01,Nottingham Forest FC,Wolverhampton Wanderers FC,,,,,,,,
2023-04-08,Manchester United,Everton FC,165.0,165.0,165.0,165.0,165.0,165.0,165.0,165.0
2023-04-08,Liverpool FC,Arsenal FC,396.0,396.0,396.0,396.0,396.0,396.0,396.0,396.0
2023-04-08,Brentford FC,Newcastle United FC,2000.0,2000.0,2000.0,2000.0,2000.0,2000.0,2000.0,2000.0
2023-04-08,Fulham FC,West Ham United FC,179.0,179.0,179.0,179.0,179.0,179.0,179.0,179.0
2023-04-08,Aston Villa FC,Nottingham Forest FC,231.0,231.0,231.0,231.0,231.0,231.0,231.0,231.0
2023-04-08,Tottenham Hotspur,Brighton & Hove Albion FC,130.0,130.0,130.0,130.0,130.0,130.0,130.0,128.0
2023-04-08,Leeds United,Crystal Palace FC,425.0,425.0,425.0,425.0,425.0,425.0,425.0,425.0
2023-04-08,Wolverhampton Wanderers FC,Chelsea FC,299.0,299.0,180.0,175.0,175.0,175.0,175.0,175.0
2023-04-08,Leicester City FC,AFC Bournemouth,,,,,,,,
2023-04-08,Southampton FC,Manchester City,250.0,250.0,250.0,163.0,163.0,163.0,163.0,163.0
2023-04-15,Manchester City,Leicester City FC,78.0,78.0,78.0,78.0,78.0,78.0,78.0,78.0
2023-04-15,Chelsea FC,Brighton & Hove Albion FC,160.0,160.0,160.0,160.0,160.0,160.0,160.0,160.0
2023-04-15,Tottenham Hotspur,AFC Bournemouth,135.0,135.0,135.0,135.0,135.0,135.0,135.0,134.0
2023-04-15,Everton FC,Fulham FC,210.0,210.0,205.0,205.0,205.0,205.0,160.0,160.0
2023-04-15,Aston Villa FC,Newcastle United FC,235.0,235.0,235.0,235.0,235.0,235.0,235.0,235.0
2023-04-15,West Ham United FC,Arsenal FC,170.0,170.0,149.0,149.0,149.0,149.0,149.0,149.0
2023-04-15,Wolverhampton Wanderers FC,Brentford FC,269.0,269.0,140.0,135.0,135.0,135.0,135.0,135.0
2023-04-15,Leeds United,Liverpool FC,900.0,900.0,900.0,900.0,900.0,900.0,900.0,900.0
2023-04-15,Southampton FC,Crystal Palace FC,255.0,255.0,255.0,98.0,98.0,98.0,98.0,98.0
2023-04-15,Nottingham Forest FC,Manchester United,1000.0,1000.0,1000.0,1000.0,1000.0,1000.0,1000.0,1000.0
2023-04-15,Southampton FC,Crystal Palace FC,,,,,,,,
2023-04-22,Manchester United,Chelsea FC,199.0,224.0,224.0,224.0,224.0,224.0,224.0,224.0
2023-04-22,Arsenal FC,Southampton FC,132.0,132.0,132.0,132.0,132.0,132.0,132.0,132.0
2023-04-22,Liverpool FC,Nottingham Forest FC,450.0,450.0,450.0,450.0,450.0,450.0,450.0,450.0
2023-04-22,Fulham FC,Leeds United,178.0,178.0,178.0,178.0,178.0,178.0,178.0,178.0
2023-04-22,AFC Bournemouth,West Ham United FC,,,,,,,,
2023-04-22,Brentford FC,Aston Villa FC,2000.0,2000.0,2000.0,2000.0,2000.0,2000.0,2000.0,2000.0
2023-04-22,Newcastle United FC,Tottenham Hotspur,850.0,850.0,850.0,850.0,850.0,850.0,850.0,850.0
2023-04-22,Brighton & Hove Albion FC,Manchester City,275.0,275.0,275.0,275.0,275.0,275.0,275.0,274.0
2023-04-22,Crystal Palace FC,Everton FC,140.0,140.0,140.0,140.0,140.0,140.0,140.0,140.0
2023-04-22,Leicester City FC,Wolverhampton Wanderers FC,,,,,,,,
2023-04-25,Tottenham Hotspur,Manchester United,435.0,435.0,435.0,435.0,435.0,435.0,435.0,435.0
2023-04-25,Everton FC,Newcastle United FC,216.0,216.0,203.0,203.0,203.0,203.0,160.0,160.0
2023-04-25,Wolverhampton Wanderers FC,Crystal Palace FC,294.0,294.0,140.0,140.0,140.0,140.0,138.0,138.0
2023-04-25,Nottingham Forest FC,Brighton & Hove Albion FC,,,,,,,,
2023-04-25,Leeds United,Leicester City FC,425.0,425.0,425.0,425.0,425.0,425.0,425.0,425.0
2023-04-25,West Ham United FC,Liverpool FC,220.0,220.0,199.0,199.0,199.0,199.0,199.0,199.0
2023-04-25,Aston Villa FC,Fulham FC,237.0,237.0,237.0,237.0,237.0,237.0,237.0,237.0
2023-04-26,Chelsea FC,Brentford FC,145.0,145.0,145.0,145.0,145.0,145.0,145.0,145.0
2023-04-26,Southampton FC,AFC Bournemouth,60.0,60.0,60.0,60.0,99.0,99.0,99.0,99.0
2023-04-26,Manchester City,Arsenal FC,97.0,97.0,97.0,97.0,97.0,97.0,97.0,97.0
2023-04-29,Manchester United,Aston Villa FC,165.0,165.0,165.0,165.0,165.0,165.0,165.0,165.0
2023-04-29,Brentford FC,Nottingham Forest FC,2000.0,2000.0,2000.0,2000.0,2000.0,2000.0,2000.0,2000.0
2023-04-29,Newcastle United FC,Southampton FC,575.0,575.0,575.0,575.0,575.0,575.0,575.0,575.0
2023-04-29,AFC Bournemouth,Leeds United,,,,,,,,
2023-04-29,Brighton & Hove Albion FC,Wolverhampton Wanderers FC,229.0,229.0,229.0,150.0,150.0,150.0,150.0,150.0
2023-04-29,Liverpool FC,Tottenham Hotspur,800.0,800.0,800.0,800.0,800.0,800.0,800.0,800.0
2023-04-29,Fulham FC,Manchester City,275.0,275.0,275.0,275.0,275.0,275.0,275.0,274.0
2023-04-29,Leicester City FC,Everton FC,,,,,,,,
2023-04-29,Crystal Palace FC,West Ham United FC,128.0,128.0,128.0,128.0,128.0,128.0,128.0,128.0
2023-04-29,Arsenal FC,Chelsea FC,264.0,264.0,264.0,264.0,264.0,264.0,264.0,264.0
2023-05-06,Manchester City,Leeds United,155.0,155.0,155.0,155.0,149.0,149.0,149.0,149.0
2023-05-06,Newcastle United FC,Arsenal FC,264.0,264.0,264.0,264.0,264.0,264.0,264.0,264.0
2023-05-06,West Ham United FC,Manchester United,200.0,200.0,179.0,179.0,179.0,179.0,179.0,179.0
2023-05-06,Tottenham Hotspur,Crystal Palace FC,135.0,135.0,135.0,135.0,135.0,135.0,135.0,135.0
2023-05-06,Liverpool FC,Brentford FC,500.0,500.0,500.0,500.0,500.0,500.0,500.0,500.0
2023-05-06,Nottingham Forest FC,Southampton FC,,,,,,,,
2023-05-06,Tottenham Hotspur,Crystal Palace FC,,,,,,,,
2023-05-06,Wolverhampton Wanderers FC,Aston Villa FC,116.0,116.0,116.0,116.0,116.0,116.0,116.0,116.0
2023-05-06,Brighton & Hove Albion FC,Everton FC,249.0,249.0,249.0,150.0,150.0,150.0,150.0,150.0
2023-05-13,Manchester United,Wolverhampton Wanderers FC,189.0,189.0,189.0,189.0,189.0,189.0,189.0,189.0
2023-05-13,Chelsea FC,Nottingham Forest FC,180.0,180.0,180.0,180.0,180.0,180.0,180.0,180.0
2023-05-13,Arsenal FC,Brighton & Hove Albion FC,164.0,164.0,164.0,164.0,164.0,164.0,164.0,164.0
2023-05-13,Aston Villa FC,Tottenham Hotspur,279.0,279.0,279.0,279.0,279.0,279.0,279.0,279.0
2023-05-13,Brentford FC,West Ham United FC,2000.0,2000.0,2000.0,2000.0,2000.0,2000.0,2000.0,2000.0
2023-05-13,Everton FC,Manchester City,350.0,350.0,350.0,350.0,350.0,350.0,350.0,349.0
2023-05-13,Leeds United,Newcastle United FC,550.0,550.0,550.0,550.0,550.0,550.0,550.0,550.0
2023-05-13,Crystal Palace FC,AFC Bournemouth,235.0,235.0,235.0,235.0,235.0,235.0,235.0,235.0
2023-05-13,Southampton FC,Fulham FC,259.0,259.0,259.0,98.0,98.0,98.0,98.0,98.0
2023-05-13,Leicester City FC,Liverpool FC,,,,,,,,
2023-05-20,Manchester City,Chelsea FC,299.0,299.0,300.0,215.0,215.0,298.0,298.0,145.0
2023-05-20,Liverpool FC,Aston Villa FC,790.0,790.0,790.0,790.0,790.0,790.0,,790.0
2023-05-20,Fulham FC,Crystal Palace FC,194.0,194.0,194.0,194.0,194.0,194.0,194.0,194.0
2023-05-20,Tottenham Hotspur,Brentford FC,155.0,155.0,155.0,155.0,155.0,155.0,155.0,153.0
2023-05-20,Nottingham Forest FC,Arsenal FC,264.0,264.0,264.0,264.0,264.0,264.0,264.0,264.0
2023-05-20,AFC Bournemouth,Manchester United,500.0,500.0,500.0,500.0,500.0,500.0,,500.0
2023-05-20,Newcastle United FC,Leicester City FC,600.0,600.0,600.0,600.0,,,600.0,600.0
2023-05-20,West Ham United FC,Leeds United,115.0,115.0,99.0,99.0,99.0,99.0,99.0,99.0
2023-05-20,Wolverhampton Wanderers FC,Everton FC,298.0,298.0,140.0,140.0,140.0,140.0,138.0,138.0
2023-05-20,Brighton & Hove Albion FC,Southampton FC,248.0,248.0,248.0,150.0,150.0,150.0,150.0,150.0
2023-05-28,Manchester United,Fulham FC,195.0,195.0,195.0,195.0,195.0,195.0,195.0,195.0
2023-05-28,Chelsea FC,Newcastle United FC,210.0,210.0,210.0,210.0,210.0,210.0,210.0,210.0
2023-05-28,Arsenal FC,Wolverhampton Wanderers FC,193.0,193.0,193.0,180.0,180.0,180.0,180.0,180.0
2023-05-28,Brentford FC,Manchester City,350.0,350.0,350.0,350.0,350.0,350.0,350.0,349.0
2023-05-28,Aston Villa FC,Brighton & Hove Albion FC,248.0,248.0,248.0,248.0,248.0,248.0,248.0,248.0
2023-05-28,Everton FC,AFC Bournemouth,225.0,225.0,216.0,216.0,216.0,216.0,160.0,160.0
2023-05-28,Crystal Palace FC,Nottingham Forest FC,160.0,160.0,160.0,160.0,160.0,160.0,160.0,160.0
2023-05-28,Leeds United,Tottenham Hotspur,600.0,600.0,600.0,600.0,600.0,600.0,600.0,600.0
2023-05-28,Southampton FC,Liverpool FC,1500.0,1500.0,1500.0,228.0,228.0,228.0,228.0,228.0
2023-05-28,Leicester City FC,West Ham United FC,,,,,,,,
